OBJECTID,ORIG_FID,Shape_Length,Longitude,Latitude,Z
1,1,0,-115.9980537,32.71615741,170
2,1,0,-115.99776,32.71625918,169.981645
3,1,0,-115.9975744,32.71615741,170
4,2,0,-116.0042305,32.71662037,190
5,2,0,-116.004064,32.71662037,190
6,3,0,-116.0090238,32.71699074,210
7,3,0,-116.0088028,32.71722262,210.0003925
8,3,0,-116.0086023,32.71747147,209.9974289
9,3,0,-116.0084221,32.71773597,210.0006338
10,3,0,-116.0081393,32.71786137,210.0814543
11,3,0,-116.0078439,32.71777565,209.9984923
12,3,0,-116.007531,32.71782556,210.0000557
13,3,0,-116.0073117,32.71768065,210.004139
14,3,0,-116.0075741,32.71752612,209.9886762
15,3,0,-116.0078631,32.71739359,210.0067117
16,3,0,-116.0080651,32.71715165,210.0032
17,3,0,-116.0081885,32.71689815,210
18,4,0,-116.0055154,32.71717593,190.0000004
19,4,0,-116.0055154,32.71717593,190.0000004
20,5,0,-116.013547,32.71726852,220
21,5,0,-116.01327,32.71737741,220.0439298
22,5,0,-116.0129793,32.71750253,220.015314
23,5,0,-116.0127007,32.71765028,220.0308281
24,5,0,-116.0124133,32.71778611,220.0933872
25,5,0,-116.0121294,32.71788671,220.0005058
26,5,0,-116.0118554,32.71782812,219.9989572
27,5,0,-116.0120238,32.71756101,220.0005519
28,5,0,-116.0122065,32.71729836,219.9902466
29,5,0,-116.0122943,32.71717593,220
30,6,0,-116.0111585,32.71801033,220.0002978
31,6,0,-116.0111585,32.71801033,220.0002978
32,7,0,-116.0243285,32.71810185,260
33,7,0,-116.0242781,32.71812933,260.0519879
34,8,0,-116.0242069,32.71819445,260
35,8,0,-116.0239056,32.71828868,260.0166675
36,8,0,-116.0238715,32.71840635,260.0272806
37,8,0,-116.0241836,32.7184116,260.0772648
38,8,0,-116.0244641,32.71831186,260.0922166
39,8,0,-116.0247218,32.71816779,260.0044496
40,8,0,-116.0247685,32.71812266,259.9999997
41,9,0,-116.0219366,32.71823289,250.696772
42,9,0,-116.021622,32.71820934,250.0042079
43,9,0,-116.0215934,32.71819445,250
44,10,0,-116.0233235,32.71834314,258.7177108
45,10,0,-116.0236285,32.71829867,259.8754673
46,10,0,-116.0236405,32.71828704,260
47,11,0,-116.0253129,32.72003517,310.2200059
48,11,0,-116.0251219,32.72028831,309.9945504
49,11,0,-116.0248326,32.72036534,310.0022442
50,11,0,-116.0245864,32.72021873,310.013307
51,11,0,-116.0248378,32.72004637,309.9999193
52,11,0,-116.0250704,32.71983615,310.0496993
53,11,0,-116.0251759,32.71971297,309.5993683
54,12,0,-116.0253975,32.72039751,300.3933401
55,12,0,-116.0252825,32.72069428,299.9999724
56,12,0,-116.0250281,32.72065768,299.9925961
57,12,0,-116.0247209,32.72058417,300.0003839
58,12,0,-116.0244276,32.72050311,299.9905412
59,12,0,-116.0243162,32.72020278,300.0084031
60,12,0,-116.0243058,32.71994731,300.0003801
61,12,0,-116.0246149,32.71986459,299.9990042
62,12,0,-116.0248256,32.71964468,299.9840559
63,12,0,-116.0248408,32.71932796,300.0252249
64,12,0,-116.0250463,32.71928362,299.9999997
65,13,0,-116.0219114,32.72052253,250.1001334
66,13,0,-116.0219114,32.72052253,250.1001334
67,14,0,-116.0228327,32.72060185,260.0000005
68,14,0,-116.0228327,32.72060185,260.0000005
69,15,0,-116.0210655,32.72069445,240.0000001
70,15,0,-116.0210655,32.72069445,240.0000001
71,16,0,-116.0255147,32.72097763,290.1234435
72,16,0,-116.025348,32.72124557,290.0053279
73,16,0,-116.0251116,32.72111945,289.9908076
74,16,0,-116.0249004,32.72088187,289.9999431
75,16,0,-116.0245903,32.72083641,290.0007536
76,16,0,-116.0243173,32.72099742,290.0101516
77,16,0,-116.0241173,32.72124788,290.0009355
78,16,0,-116.0238992,32.72148224,290.0011099
79,16,0,-116.0237477,32.72136718,289.999652
80,16,0,-116.0236243,32.72107992,290.0094035
81,16,0,-116.0238599,32.72087329,289.9946653
82,16,0,-116.0240823,32.72064443,289.9887496
83,16,0,-116.0240831,32.72033574,289.9998483
84,16,0,-116.0238942,32.72008849,290.003279
85,16,0,-116.0236289,32.71991796,289.9877581
86,16,0,-116.0237147,32.71968812,290.0114314
87,16,0,-116.0240333,32.71965577,289.9958026
88,16,0,-116.0243535,32.71965139,290.0009196
89,16,0,-116.0245107,32.71944179,290.0045173
90,16,0,-116.0243903,32.71914813,290.0106537
91,16,0,-116.0246483,32.71903151,290.0004621
92,16,0,-116.0249537,32.71899269,289.9999996
93,17,0,-116.0256313,32.72137204,280.4881016
94,17,0,-116.025368,32.7215512,279.9983637
95,17,0,-116.0250687,32.72155714,280.0168731
96,17,0,-116.0248672,32.7213097,279.9991515
97,17,0,-116.024656,32.72113085,280.0684927
98,17,0,-116.0244265,32.7213525,280.0086749
99,17,0,-116.0242074,32.72158435,279.997951
100,17,0,-116.0240921,32.72188174,279.9995187
101,17,0,-116.0239653,32.72217206,280.0053946
102,17,0,-116.0237018,32.72235131,279.9997655
103,17,0,-116.0234196,32.72247906,280.0066905
104,17,0,-116.0233889,32.72220999,280.0022297
105,17,0,-116.0234008,32.7218906,280.0034745
106,17,0,-116.0234859,32.72158206,280.000396
107,17,0,-116.0233946,32.72128513,279.9971393
108,17,0,-116.0231382,32.7211006,280.0065201
109,17,0,-116.0232159,32.72097199,280.0001009
110,17,0,-116.0234885,32.72080467,280.0001209
111,17,0,-116.0237211,32.72058487,279.9683815
112,17,0,-116.0237666,32.72030516,280.0681679
113,17,0,-116.0234715,32.72018799,280.0000338
114,17,0,-116.023294,32.71993458,279.993494
115,17,0,-116.0231717,32.71964104,279.9787009
116,17,0,-116.0232906,32.71944682,279.9998913
117,17,0,-116.0235983,32.71935921,279.9956553
118,17,0,-116.0239177,32.71933731,280.0065193
119,17,0,-116.0240051,32.71918118,280.0123724
120,17,0,-116.0238951,32.71889299,279.9878746
121,17,0,-116.0241824,32.71880722,280.0129532
122,17,0,-116.0245004,32.71876984,279.9915585
123,17,0,-116.0248111,32.71869387,280.0049667
124,17,0,-116.0248756,32.71867189,279.8613253
125,18,0,-116.0257374,32.72166336,270.8587413
126,18,0,-116.0254735,32.72182535,270.0067607
127,18,0,-116.0251748,32.72193884,269.9891285
128,18,0,-116.0248753,32.72190109,270.0070631
129,18,0,-116.0247143,32.72163023,270.0045883
130,18,0,-116.0245016,32.72174691,270.0139207
131,18,0,-116.0243553,32.72200939,270.0157649
132,18,0,-116.024239,32.7222964,269.985606
133,18,0,-116.0239926,32.72249025,270.0066054
134,18,0,-116.0237255,32.72265996,269.9905596
135,18,0,-116.0235726,32.72294013,269.9957509
136,18,0,-116.0233318,32.72278021,270.0022803
137,18,0,-116.0230534,32.72262435,269.9974236
138,18,0,-116.0229933,32.72238134,269.9958822
139,18,0,-116.0231038,32.72208899,269.9987767
140,18,0,-116.023129,32.7217705,270.0006546
141,18,0,-116.0231546,32.72146254,270.0272123
142,18,0,-116.0228615,32.72140057,270.0024404
143,18,0,-116.0225433,32.72138111,269.9984597
144,18,0,-116.022375,32.72118445,270.0065132
145,18,0,-116.0224863,32.72092925,270.0012112
146,18,0,-116.0227805,32.72080417,270.002098
147,18,0,-116.0230911,32.72072993,269.9914395
148,18,0,-116.0233252,32.7205242,269.9981862
149,18,0,-116.0232468,32.72040388,270.0136874
150,18,0,-116.0229805,32.72025582,270.0162655
151,18,0,-116.0229703,32.72000328,269.9847923
152,18,0,-116.0228059,32.71974645,270.0172569
153,18,0,-116.0225052,32.7196397,269.9951203
154,18,0,-116.0221861,32.71962127,270.0020027
155,18,0,-116.0218817,32.71971011,269.9854389
156,18,0,-116.021779,32.71955696,269.983857
157,18,0,-116.0220689,32.71942366,269.9943458
158,18,0,-116.0223267,32.71923614,269.9923624
159,18,0,-116.0226103,32.71914565,270.0188202
160,18,0,-116.0229272,32.71914361,270.0037263
161,18,0,-116.0232313,32.71904646,269.987362
162,18,0,-116.0234163,32.71900498,269.9740322
163,18,0,-116.0233484,32.71877331,269.9981422
164,18,0,-116.0235681,32.71854925,270.0033523
165,18,0,-116.023886,32.71851866,270.0006604
166,18,0,-116.0241919,32.71850642,269.9779922
167,18,0,-116.0244986,32.71843607,269.992549
168,18,0,-116.0248075,32.71836604,269.5365984
169,18,0,-116.024844,32.71836255,269.3727498
170,19,0,-116.02375,32.72175663,289.9999999
171,19,0,-116.0236821,32.72191897,290.054686
172,19,0,-116.02375,32.72175663,289.9999999
173,20,0,-116.025787,32.72186605,260.0000007
174,20,0,-116.0255993,32.72208441,260.0024845
175,20,0,-116.0253655,32.72224419,260.0296055
176,20,0,-116.0250935,32.72238912,259.9998788
177,20,0,-116.0248354,32.72231438,260.0028231
178,20,0,-116.0246592,32.72206397,260.1759281
179,20,0,-116.0245583,32.72235462,259.9792877
180,20,0,-116.0244357,32.72264089,259.9989715
181,20,0,-116.0241444,32.72274224,259.9834175
182,20,0,-116.0239598,32.72297347,259.9950185
183,20,0,-116.0238497,32.72327434,259.9952593
184,20,0,-116.0237112,32.72356332,260.0004075
185,20,0,-116.023504,32.72374644,259.9989872
186,20,0,-116.0233647,32.72347531,259.9995671
187,20,0,-116.0232766,32.7231684,259.9947757
188,20,0,-116.0230711,32.72293212,260.0073945
189,20,0,-116.0227668,32.72290307,259.9904446
190,20,0,-116.0224777,32.72302988,260.0678187
191,20,0,-116.0225186,32.72283315,259.9839664
192,20,0,-116.0225048,32.72252255,259.9992336
193,20,0,-116.0226294,32.7222631,259.9950788
194,20,0,-116.0227505,32.72201079,259.993109
195,20,0,-116.0228082,32.721739,260.0815097
196,20,0,-116.0225613,32.72166664,259.999986
197,20,0,-116.0222458,32.72170737,259.9981767
198,20,0,-116.0219263,32.72171859,260.003302
199,20,0,-116.0217767,32.72152825,259.9995837
200,20,0,-116.021982,32.72128758,259.9954222
201,20,0,-116.0219748,32.72099469,260.0009934
202,20,0,-116.0219598,32.72072194,260.0233442
203,20,0,-116.0222545,32.72072455,259.9702204
204,20,0,-116.0225597,32.72065527,260.0208643
205,20,0,-116.0226039,32.72052329,259.9590147
206,20,0,-116.0223836,32.72030494,260.0067428
207,20,0,-116.0223682,32.71999674,259.995471
208,20,0,-116.0220975,32.71999622,260.0067305
209,20,0,-116.0217802,32.72001866,259.9928551
210,20,0,-116.0214605,32.72003258,259.9872165
211,20,0,-116.0211582,32.72012546,259.9963355
212,20,0,-116.0210418,32.71986877,259.9947598
213,20,0,-116.0211018,32.71955435,260.0021265
214,20,0,-116.0212687,32.71928936,260.0115586
215,20,0,-116.0215326,32.71910843,259.9930687
216,20,0,-116.0218187,32.7189659,260.0104892
217,20,0,-116.0220751,32.71877509,259.9887361
218,20,0,-116.0223517,32.71862375,260.0086559
219,20,0,-116.0226617,32.71863132,260.1456759
220,20,0,-116.0229243,32.71850825,259.979155
221,20,0,-116.0231367,32.71837963,260
222,21,0,-116.0257103,32.72226852,250.0000002
223,21,0,-116.0257103,32.72226852,250.0000002
224,22,0,-116.0056297,32.72291667,189.9999999
225,22,0,-116.0058919,32.72294116,190.0035749
226,22,0,-116.0056786,32.72316469,190.0082562
227,22,0,-116.0055719,32.7230057,189.9990869
228,22,0,-116.0056297,32.72291667,189.9999999
229,23,0,-116.0263426,32.72388186,280.0000002
230,23,0,-116.026173,32.72364363,279.9875422
231,23,0,-116.0262085,32.72333815,279.6941746
232,24,0,-116.0242205,32.72412037,230.0000004
233,24,0,-116.0242205,32.72412037,230.0000004
234,25,0,-116.0265278,32.72447113,270.0000001
235,25,0,-116.0262084,32.72449151,269.9999892
236,25,0,-116.026009,32.72428958,269.9957977
237,25,0,-116.0258506,32.72401217,270.0142889
238,25,0,-116.0258025,32.72369727,269.9967666
239,25,0,-116.0258692,32.72338442,269.9943904
240,25,0,-116.0259471,32.72307452,269.9931279
241,25,0,-116.0260648,32.72285431,269.9999998
242,26,0,-116.0195014,32.7250463,210.0000002
243,26,0,-116.0195014,32.7250463,210.0000002
244,27,0,-116.026713,32.72515727,260.0000003
245,27,0,-116.0264316,32.72530916,260.0027621
246,27,0,-116.0261377,32.72525842,259.9779808
247,27,0,-116.0259413,32.72505616,260.0137694
248,27,0,-116.0257499,32.72488895,259.9757877
249,27,0,-116.0257631,32.72457303,259.9980548
250,27,0,-116.0256532,32.72427294,259.9965396
251,27,0,-116.025557,32.72396855,260.000061
252,27,0,-116.0254859,32.72365729,259.9999402
253,27,0,-116.0255587,32.72334631,259.9994071
254,27,0,-116.0256074,32.72303039,259.9956101
255,27,0,-116.0257275,32.72273412,260.0017629
256,27,0,-116.0257994,32.72242699,260.0151585
257,27,0,-116.0258796,32.72221841,259.9999996
258,28,0,-115.9988206,32.72516429,160.0035427
259,28,0,-115.9986423,32.72495294,159.9990571
260,28,0,-115.998467,32.72471053,159.9987657
261,28,0,-115.9982008,32.7245511,160.0009333
262,28,0,-115.9979932,32.72432813,160.0073845
263,28,0,-115.997804,32.72410374,159.9915978
264,28,0,-115.9976781,32.72388027,160.0014267
265,28,0,-115.9975153,32.72361838,160.0065455
266,28,0,-115.9973555,32.72336869,160.0022187
267,28,0,-115.997357,32.72307368,160.0003618
268,28,0,-115.9974182,32.72280624,160.0008353
269,28,0,-115.9973856,32.72252045,159.9964261
270,28,0,-115.9972569,32.72228115,159.9945977
271,28,0,-115.9971035,32.72202197,159.9912557
272,28,0,-115.9969126,32.72179667,160.0032859
273,28,0,-115.996927,32.72148595,160.0011154
274,28,0,-115.9966524,32.72135546,160.002002
275,28,0,-115.9964352,32.72121257,160
276,29,0,-116.001671,32.72538268,170.0003422
277,29,0,-116.0014857,32.72518343,170.0004478
278,29,0,-116.0013758,32.72489238,169.9954093
279,29,0,-116.0013149,32.72461309,169.9981223
280,29,0,-116.0013644,32.72433545,169.9878332
281,29,0,-116.0013658,32.72404103,169.9977634
282,29,0,-116.0012477,32.72375241,170.0015954
283,29,0,-116.0009391,32.72381416,170.0181257
284,29,0,-116.000664,32.72366826,169.9983653
285,29,0,-116.0004878,32.7234061,170.0009217
286,29,0,-116.0003612,32.72311268,169.9996882
287,29,0,-116.0002374,32.72282257,170.000059
288,29,0,-116.0002071,32.72250413,169.9999629
289,29,0,-116.0001341,32.72219508,169.9997272
290,29,0,-116.000036,32.72189056,169.998628
291,29,0,-115.9999394,32.72159196,170.000857
292,29,0,-115.9998493,32.72129336,170.0000049
293,29,0,-115.9997894,32.72097949,170.0021797
294,29,0,-115.9996716,32.72068966,169.9997779
295,29,0,-115.9995606,32.7203939,170.0002993
296,29,0,-115.9993539,32.72014879,170.0000508
297,29,0,-115.9992867,32.71984186,170.0015131
298,29,0,-115.9991327,32.71957273,170.0040648
299,29,0,-115.9992429,32.71928862,170.0014233
300,29,0,-115.9990757,32.71902746,170.0000035
301,29,0,-115.9992192,32.71874921,170.0000533
302,29,0,-115.9992099,32.71843066,170.0001375
303,29,0,-115.9991248,32.71816208,170.0021245
304,29,0,-115.998816,32.7180832,169.9485767
305,29,0,-115.998517,32.71808998,169.9984677
306,29,0,-115.9982396,32.71823289,170.0046344
307,29,0,-115.9979429,32.71831677,170.0313945
308,29,0,-115.9977132,32.71823857,170.0006193
309,29,0,-115.9974785,32.71808495,169.9833503
310,29,0,-115.997708,32.71788897,170.0477567
311,29,0,-115.9979146,32.71765994,170.0005544
312,29,0,-115.9980014,32.71738995,170.0036877
313,29,0,-115.998276,32.71730103,170.0229752
314,29,0,-115.998573,32.71718688,170.0495863
315,29,0,-115.9988616,32.71706587,170.0457734
316,29,0,-115.9990834,32.71684812,170.007397
317,29,0,-115.9993485,32.71678531,169.9998574
318,29,0,-115.9991645,32.71652739,170.0000106
319,29,0,-115.9989518,32.71629227,169.9997343
320,29,0,-115.9989085,32.71622334,169.9856584
321,30,0,-116.0050561,32.72541667,180.0000001
322,30,0,-116.0050799,32.72544905,179.9573671
323,30,0,-116.0050561,32.72541667,180.0000001
324,31,0,-116.0198662,32.7255143,210.0239522
325,31,0,-116.0198662,32.7255143,210.0239522
326,32,0,-116.0268056,32.7255207,250.0000003
327,32,0,-116.0265286,32.72567787,250.0008844
328,32,0,-116.0262103,32.72567814,250.0123794
329,32,0,-116.0258947,32.72565576,250.0147737
330,32,0,-116.025599,32.72570364,250.0010632
331,32,0,-116.0254311,32.72547424,249.9987575
332,32,0,-116.0254404,32.72515929,250.0085299
333,32,0,-116.0254393,32.7248417,250.0250968
334,32,0,-116.0254297,32.72452488,250.0018661
335,32,0,-116.025304,32.72423123,249.9646571
336,32,0,-116.0251854,32.72393353,249.9999975
337,32,0,-116.0250872,32.72362843,250.0024228
338,32,0,-116.0251019,32.72331578,250.0284453
339,32,0,-116.025133,32.72306386,249.983089
340,32,0,-116.0250783,32.72292862,249.9832671
341,32,0,-116.0252952,32.72276668,249.9358203
342,32,0,-116.0255515,32.72260733,250.0831494
343,32,0,-116.025656,32.72234214,249.8764837
344,32,0,-116.0254589,32.72250159,250.0115708
345,32,0,-116.0251998,32.72262618,250.01671
346,32,0,-116.0249066,32.72263488,249.9998348
347,32,0,-116.0246855,32.72241213,250.0064859
348,32,0,-116.0246595,32.72269906,249.9511991
349,32,0,-116.0245643,32.72298007,249.9554232
350,32,0,-116.0244608,32.72322216,250.0875646
351,32,0,-116.0242278,32.72336228,250.0342376
352,32,0,-116.0240574,32.7236319,249.9803295
353,32,0,-116.0239314,32.72392537,250.0018746
354,32,0,-116.0237586,32.72417412,249.9991701
355,32,0,-116.0235046,32.72435898,249.995012
356,32,0,-116.0232801,32.72425426,249.9987832
357,32,0,-116.0232116,32.72394171,250.0077136
358,32,0,-116.0230902,32.72364709,249.9993752
359,32,0,-116.0229992,32.72334026,250.0001509
360,32,0,-116.0227967,32.72325029,249.9953692
361,32,0,-116.0225408,32.72343932,249.9967683
362,32,0,-116.0222689,32.72360643,249.9999939
363,32,0,-116.0219812,32.7235178,249.9996329
364,32,0,-116.0219578,32.72321841,249.9891773
365,32,0,-116.0220582,32.72291543,249.9979939
366,32,0,-116.0221679,32.72262897,250.0115232
367,32,0,-116.0220655,32.72235362,250.0511909
368,32,0,-116.022204,32.7221027,249.9786464
369,32,0,-116.0219425,32.7220205,250.0076949
370,32,0,-116.021624,32.72205001,250.0016934
371,32,0,-116.0213128,32.72212596,249.999731
372,32,0,-116.02108,32.72203589,250.0009092
373,32,0,-116.0211625,32.72172644,250.0019814
374,32,0,-116.0213777,32.72149501,249.9801099
375,32,0,-116.0215317,32.72121788,249.9980195
376,32,0,-116.0214632,32.72093962,249.993336
377,32,0,-116.0214279,32.72064262,249.996638
378,32,0,-116.0216434,32.72048292,250.0518391
379,32,0,-116.021837,32.72035395,249.9655278
380,32,0,-116.0215892,32.72026958,250.0020129
381,32,0,-116.0212842,32.72031827,250.0048769
382,32,0,-116.0210034,32.72047051,249.9589584
383,32,0,-116.0207112,32.72055398,250.001369
384,32,0,-116.0204151,32.72046328,250.0000086
385,32,0,-116.0201617,32.72027629,250.0009682
386,32,0,-116.0201813,32.71997756,250.003273
387,32,0,-116.0202014,32.71970806,249.9678137
388,32,0,-116.0201863,32.71944662,249.9990206
389,32,0,-116.020469,32.71931509,249.9988836
390,32,0,-116.0205207,32.71902971,249.9996482
391,32,0,-116.0203207,32.71883217,249.9957517
392,32,0,-116.0203362,32.71861153,249.9999284
393,32,0,-116.0206048,32.71850091,249.9971639
394,32,0,-116.0209205,32.71845628,249.999259
395,32,0,-116.0211992,32.71834755,249.9945657
396,32,0,-116.0213684,32.71831115,249.9269796
397,32,0,-116.0215834,32.71850438,250.0686937
398,32,0,-116.0218938,32.71853375,249.9948926
399,32,0,-116.0221977,32.71845072,250.0661277
400,32,0,-116.0225113,32.7183978,249.9925099
401,32,0,-116.022603,32.71837963,250
402,33,0,-116.0041292,32.72556446,179.997248
403,33,0,-116.0039582,32.72535529,179.9976436
404,33,0,-116.0036985,32.7252211,179.9973279
405,33,0,-116.0036731,32.7249255,179.9916831
406,33,0,-116.0036846,32.7246161,179.9955163
407,33,0,-116.0037689,32.72433383,179.9931294
408,33,0,-116.0036156,32.72408466,180.0072934
409,33,0,-116.0035196,32.7238022,179.9996485
410,33,0,-116.0034375,32.72356771,179.9979263
411,33,0,-116.0034624,32.72328213,179.986891
412,33,0,-116.0037308,32.72312728,180.0492339
413,33,0,-116.0037709,32.72293926,179.9928893
414,33,0,-116.0035522,32.72271337,179.9930692
415,33,0,-116.003278,32.72257787,179.9961542
416,33,0,-116.0031334,32.72233964,180.0046736
417,33,0,-116.0028817,32.72215895,179.9958264
418,33,0,-116.0028641,32.72189109,179.9998288
419,33,0,-116.0027385,32.72160703,180.0009279
420,33,0,-116.002581,32.72135169,179.9996591
421,33,0,-116.002514,32.72105122,179.9958823
422,33,0,-116.0024447,32.7207579,179.9993752
423,33,0,-116.0024713,32.72045367,179.9993413
424,33,0,-116.0024468,32.72017737,179.9993658
425,33,0,-116.0024479,32.71988712,180.0013495
426,33,0,-116.0023526,32.71959723,180.0034006
427,33,0,-116.0022197,32.71935526,180.0002039
428,33,0,-116.0021653,32.71907293,180.0000923
429,33,0,-116.002196,32.71876044,179.9932801
430,33,0,-116.0022601,32.71853693,180.0069523
431,33,0,-116.0022992,32.71823093,179.9880079
432,33,0,-116.0023694,32.71794389,180.0011198
433,33,0,-116.0021671,32.71779805,180.0218567
434,33,0,-116.0022169,32.71761876,180.0310784
435,33,0,-116.0021365,32.71750813,180.0488159
436,33,0,-116.0019137,32.71764094,179.9822828
437,33,0,-116.0016221,32.717751,179.9964083
438,33,0,-116.0013171,32.71766994,180.004177
439,33,0,-116.0012089,32.71751845,180.0035124
440,33,0,-116.0009107,32.71742482,179.9983967
441,33,0,-116.0005914,32.71739966,180.0022584
442,33,0,-116.0003415,32.71729139,179.9976932
443,33,0,-116.0003808,32.7170143,179.9910578
444,33,0,-116.0006657,32.71696452,179.9865563
445,33,0,-116.0009007,32.71676315,179.9967225
446,33,0,-116.0010678,32.7165066,179.990814
447,33,0,-116.0012927,32.71638527,179.4273826
448,34,0,-116.0268981,32.72580259,240.0000003
449,34,0,-116.0266038,32.72590155,240.0226164
450,34,0,-116.0263022,32.72590687,240.0302403
451,34,0,-116.0259979,32.72597291,239.9978627
452,34,0,-116.025681,32.72601613,240.0013063
453,34,0,-116.0253635,32.72605456,239.9868125
454,34,0,-116.0250451,32.72606787,239.988999
455,34,0,-116.024991,32.72577274,239.9986301
456,34,0,-116.0250708,32.7254651,240.0024217
457,34,0,-116.0250675,32.72514473,239.9988119
458,34,0,-116.0250477,32.72482519,240.0003981
459,34,0,-116.0249683,32.72452135,239.9820462
460,34,0,-116.024728,32.72436721,239.9991324
461,34,0,-116.02449,32.72426407,240
462,34,0,-116.0243959,32.72399773,239.9960897
463,34,0,-116.024614,32.72378575,240.1025286
464,34,0,-116.0247115,32.72350014,239.9738105
465,34,0,-116.0248789,32.72330662,240.1397297
466,34,0,-116.0247724,32.72300875,239.9968192
467,34,0,-116.0246924,32.72297079,240.0579736
468,34,0,-116.0247269,32.72325887,239.9802154
469,34,0,-116.0245172,32.72347277,239.9948976
470,34,0,-116.0243244,32.72363748,240.0022606
471,34,0,-116.0242027,32.72392214,239.9669384
472,34,0,-116.0239734,32.72411988,239.999507
473,34,0,-116.0238955,32.72442152,240.0360661
474,34,0,-116.0239767,32.72470022,239.9924212
475,34,0,-116.0236989,32.72485247,239.9998216
476,34,0,-116.0233847,32.72490904,239.9999428
477,34,0,-116.0230897,32.72503271,240.0186291
478,34,0,-116.0228401,32.72523212,239.9999955
479,34,0,-116.0226335,32.72506381,240.0065356
480,34,0,-116.0227838,32.72478653,239.9984949
481,34,0,-116.0229105,32.72450196,239.9916645
482,34,0,-116.0228801,32.72418685,240.0068369
483,34,0,-116.0227521,32.7238977,239.9808441
484,34,0,-116.0226056,32.72379859,240.0136716
485,34,0,-116.0223374,32.72396611,239.9484691
486,34,0,-116.0220343,32.72390414,239.9980569
487,34,0,-116.0217365,32.72379176,240.0012963
488,34,0,-116.0214626,32.72366783,240.0331823
489,34,0,-116.0215457,32.72336219,239.9987813
490,34,0,-116.02166,32.72306696,239.9473348
491,34,0,-116.021721,32.7227869,240.0218411
492,34,0,-116.021664,32.72249366,239.989406
493,34,0,-116.0214626,32.72251899,239.8872188
494,34,0,-116.0212728,32.72260641,239.9876324
495,34,0,-116.0210043,32.7225616,239.9987573
496,34,0,-116.0207206,32.72270562,239.9669148
497,34,0,-116.0205743,32.7225084,240.0058235
498,34,0,-116.0205917,32.72218958,240.0111487
499,34,0,-116.0206267,32.72187748,240.0179008
500,34,0,-116.0206468,32.72156452,240.0008804
501,34,0,-116.0208945,32.72137786,239.9955875
502,34,0,-116.0208449,32.72120876,240.0176243
503,34,0,-116.0208409,32.72100441,239.9845271
504,34,0,-116.0210463,32.72078443,239.9622409
505,34,0,-116.0207609,32.72084882,240.0556401
506,34,0,-116.0205088,32.72103572,240.001816
507,34,0,-116.0202417,32.72117727,240.0166062
508,34,0,-116.0199346,32.72126437,239.9884883
509,34,0,-116.0196349,32.72136432,239.9919217
510,34,0,-116.0193816,32.72119534,239.994244
511,34,0,-116.0193198,32.72089125,240.0117439
512,34,0,-116.0192706,32.72058693,239.9914316
513,34,0,-116.0191599,32.72028864,240.0043707
514,34,0,-116.0189466,32.72010768,239.9878945
515,34,0,-116.018725,32.71990947,240.0007792
516,34,0,-116.0188602,32.71966632,240.0107991
517,34,0,-116.0189405,32.71951609,240.0060781
518,34,0,-116.0188028,32.71936813,240.021784
519,34,0,-116.0186282,32.71920711,239.9978194
520,34,0,-116.0186123,32.71890677,240.0007816
521,34,0,-116.0187137,32.7186243,239.9978637
522,34,0,-116.0189355,32.71840889,239.9996749
523,34,0,-116.0188423,32.71828925,239.999869
524,34,0,-116.0187466,32.71800959,240.0002255
525,34,0,-116.0187986,32.71774133,239.9985731
526,34,0,-116.0187972,32.71773148,240
527,35,0,-116.026957,32.72603103,230.6878082
528,35,0,-116.0266404,32.72607498,229.9917302
529,35,0,-116.0263235,32.7261151,229.998598
530,35,0,-116.0260062,32.72615402,229.9990904
531,35,0,-116.0256884,32.72619608,229.9991639
532,35,0,-116.02537,32.72623221,229.9999514
533,35,0,-116.025053,32.72627859,229.9986513
534,35,0,-116.0247346,32.72631411,230.0468821
535,35,0,-116.0245634,32.72617234,229.9583332
536,35,0,-116.0246023,32.72585999,229.9939997
537,35,0,-116.0247056,32.72556114,229.9852412
538,35,0,-116.0246667,32.72525989,230.0196021
539,35,0,-116.0245921,32.7249565,229.9911753
540,35,0,-116.0244926,32.72465797,229.9982511
541,35,0,-116.0242184,32.72450949,230.0387584
542,35,0,-116.0241487,32.72421785,229.9752534
543,35,0,-116.0240866,32.72443164,229.9535872
544,35,0,-116.0242066,32.72471554,230.0151384
545,35,0,-116.0241972,32.72497413,229.8971874
546,35,0,-116.02417,32.72528806,229.9615143
547,35,0,-116.0239862,32.72541273,229.9994232
548,35,0,-116.0237239,32.72546524,229.9982761
549,35,0,-116.0234315,32.72534975,230.0049788
550,35,0,-116.0231832,32.72552379,230.0031617
551,35,0,-116.0229383,32.72572995,229.9967707
552,35,0,-116.022661,32.72579033,230.0125162
553,35,0,-116.0225157,32.72550756,230.001696
554,35,0,-116.0222794,32.72531052,230.0065223
555,35,0,-116.0220548,32.72511638,230.0146092
556,35,0,-116.0221569,32.72483107,229.9917936
557,35,0,-116.0223806,32.72461496,229.9782082
558,35,0,-116.0221715,32.72450061,229.9944241
559,35,0,-116.0221522,32.72429366,230.0888781
560,35,0,-116.0219173,32.72429066,229.9998345
561,35,0,-116.021634,32.72414512,229.9986443
562,35,0,-116.0213354,32.72405824,229.9986018
563,35,0,-116.0210163,32.72406753,230.005597
564,35,0,-116.0209214,32.72382228,229.999628
565,35,0,-116.0211013,32.72357294,230.0291687
566,35,0,-116.0212768,32.72332047,230.0750019
567,35,0,-116.0213151,32.72307639,229.8875452
568,35,0,-116.0210791,32.7232473,230.0148194
569,35,0,-116.0208095,32.72338914,230.0511783
570,35,0,-116.0206743,32.72328866,230.0007842
571,35,0,-116.0203568,32.72329382,230.0006476
572,35,0,-116.0200802,32.72313922,230.0094825
573,35,0,-116.0199581,32.72286472,229.999292
574,35,0,-116.0201272,32.72259974,230.0437105
575,35,0,-116.020215,32.72229617,230.0206685
576,35,0,-116.0201276,32.72215387,230.0519322
577,35,0,-116.0202079,32.72186491,229.9449315
578,35,0,-116.0202502,32.72157008,229.9776081
579,35,0,-116.0200282,32.7217463,230.0131331
580,35,0,-116.0198611,32.7220145,230.0000839
581,35,0,-116.0195526,32.72208194,230.0001737
582,35,0,-116.0192428,32.72202852,229.9966252
583,35,0,-116.0189274,32.72198477,230.0060287
584,35,0,-116.0186597,32.7218189,230.0047857
585,35,0,-116.0186483,32.721508,230.0025515
586,35,0,-116.0185944,32.72119937,230.0002638
587,35,0,-116.0184196,32.72103982,230.0090049
588,35,0,-116.0181577,32.72121248,229.9982717
589,35,0,-116.0178737,32.72113481,229.9985316
590,35,0,-116.0175994,32.72102314,230.0016955
591,35,0,-116.017307,32.72094112,229.9908983
592,35,0,-116.0170391,32.72087165,230.0003956
593,35,0,-116.0168456,32.7211226,229.998057
594,35,0,-116.0166128,32.72100572,229.998751
595,35,0,-116.0165378,32.72069427,230.0002333
596,35,0,-116.0164576,32.72040612,229.995448
597,35,0,-116.0164504,32.72009737,229.9980515
598,35,0,-116.016721,32.72001773,230.0073445
599,35,0,-116.0169637,32.71997592,229.9891704
600,35,0,-116.017268,32.7199323,230.0013932
601,35,0,-116.0175337,32.71980692,230.017484
602,35,0,-116.0174489,32.71975524,230.0296036
603,35,0,-116.0171485,32.71978426,229.9780294
604,35,0,-116.0168775,32.71963381,230.0040386
605,35,0,-116.0166363,32.71945594,230.0022319
606,35,0,-116.016581,32.71927419,230.0025042
607,35,0,-116.0167114,32.71907855,230.0000541
608,35,0,-116.016587,32.71881714,229.9968997
609,35,0,-116.0164696,32.71853272,230.0020467
610,35,0,-116.0164179,32.71823963,229.9995823
611,35,0,-116.0164468,32.71793685,229.9942783
612,35,0,-116.0165137,32.71768194,229.9990592
613,35,0,-116.0164682,32.7175463,230
614,36,0,-116.0269907,32.72622188,220.0000006
615,36,0,-116.0266718,32.72625354,220.0011635
616,36,0,-116.0263537,32.72629336,220.0003934
617,36,0,-116.026035,32.72632838,219.9893225
618,36,0,-116.025718,32.72637417,220.0019885
619,36,0,-116.0254001,32.72641277,219.9943093
620,36,0,-116.0250822,32.7264537,219.9974001
621,36,0,-116.0247639,32.72649273,219.9997809
622,36,0,-116.0244456,32.72652611,220.0007337
623,36,0,-116.0243412,32.72625862,220.0055592
624,36,0,-116.0243462,32.72596071,220.013941
625,36,0,-116.02427,32.72571132,220.014111
626,36,0,-116.0240936,32.72593536,219.9788323
627,36,0,-116.0240221,32.72623026,219.976419
628,36,0,-116.023777,32.72636394,220.0603518
629,36,0,-116.0235247,32.72652903,219.9995413
630,36,0,-116.0232948,32.72645791,220.0325883
631,36,0,-116.0230861,32.72635842,219.9975515
632,36,0,-116.0228003,32.72629573,220.0001692
633,36,0,-116.0225151,32.72643848,219.9966935
634,36,0,-116.0222201,32.72653465,220.0000745
635,36,0,-116.0221573,32.72626567,219.9904783
636,36,0,-116.0222266,32.7259542,219.9924589
637,36,0,-116.0220943,32.72567924,219.9979904
638,36,0,-116.0218357,32.72557037,219.9446429
639,36,0,-116.02152,32.72552693,219.9940497
640,36,0,-116.0212284,32.72541773,219.9991056
641,36,0,-116.0213308,32.72515415,220.017659
642,36,0,-116.0211823,32.72489154,219.9797291
643,36,0,-116.0213867,32.7247026,219.992538
644,36,0,-116.0212417,32.72468701,220.0430796
645,36,0,-116.0211456,32.72454165,220.0060508
646,36,0,-116.0208825,32.72449087,219.999211
647,36,0,-116.0205924,32.72452387,219.9870685
648,36,0,-116.0204879,32.72423817,220.0652936
649,36,0,-116.020618,32.7240566,220.009247
650,36,0,-116.0204967,32.72388215,220.0386256
651,36,0,-116.0202253,32.72401901,220.0427498
652,36,0,-116.020092,32.72424326,220.0010848
653,36,0,-116.0199512,32.72399849,219.9909933
654,36,0,-116.0197638,32.72398527,220.0005045
655,36,0,-116.0194555,32.72399523,220.0014268
656,36,0,-116.0193519,32.72372967,220.0001074
657,36,0,-116.0195271,32.72348265,220.015728
658,36,0,-116.0195602,32.72319632,219.9950485
659,36,0,-116.0195624,32.72293075,219.9664373
660,36,0,-116.0196801,32.72264129,219.9724687
661,36,0,-116.0195634,32.72261691,219.9243582
662,36,0,-116.0192919,32.72276563,219.9915621
663,36,0,-116.0191369,32.72300024,219.9838717
664,36,0,-116.0190778,32.72317725,219.9987391
665,36,0,-116.0188394,32.72303943,219.999614
666,36,0,-116.0185331,32.7230831,220.0080836
667,36,0,-116.0182182,32.72307575,220.0005698
668,36,0,-116.0179201,32.72319066,219.9975656
669,36,0,-116.0177491,32.72297336,220.0025021
670,36,0,-116.0176541,32.72267064,219.9900383
671,36,0,-116.017674,32.72237643,220.018142
672,36,0,-116.0177725,32.72210033,220.0012452
673,36,0,-116.0177069,32.72201715,219.9916053
674,36,0,-116.0174306,32.72214991,220.0889464
675,36,0,-116.017177,32.72212152,220.0023826
676,36,0,-116.0170949,32.72241759,220.0103783
677,36,0,-116.016834,32.72239777,219.9975645
678,36,0,-116.0165376,32.72250398,220.0006215
679,36,0,-116.0162205,32.72251834,219.9972593
680,36,0,-116.0160462,32.72230856,220.0146853
681,36,0,-116.0157772,32.72224057,220.0069405
682,36,0,-116.0155868,32.7220014,220.0233652
683,36,0,-116.0153317,32.72182785,219.9883607
684,36,0,-116.0153328,32.72156108,220.0037441
685,36,0,-116.015476,32.72128764,220.0053707
686,36,0,-116.0153223,32.72107029,219.9938921
687,36,0,-116.0152409,32.72081668,220.0027675
688,36,0,-116.0154429,32.72056935,219.9964695
689,36,0,-116.0156349,32.72031798,219.9940712
690,36,0,-116.0157013,32.72001656,220.0037234
691,36,0,-116.0159051,32.7197941,219.947084
692,36,0,-116.0157632,32.71986095,220.000424
693,36,0,-116.0154757,32.71996532,220.0025555
694,36,0,-116.0151786,32.71993007,219.9895121
695,36,0,-116.0150476,32.71971147,219.99979
696,36,0,-116.0147644,32.71965806,220.0004542
697,36,0,-116.0145806,32.71940743,220.0005739
698,36,0,-116.0144047,32.71915812,219.9997466
699,36,0,-116.0142142,32.71891612,220.0002814
700,36,0,-116.0141833,32.71860032,219.9968617
701,36,0,-116.0140651,32.71830842,220.0032541
702,36,0,-116.0139991,32.71803855,219.9898683
703,36,0,-116.0138768,32.71774563,219.9988806
704,36,0,-116.0138999,32.71746423,220.0008239
705,36,0,-116.0138553,32.71736111,220
706,37,0,-116.013282,32.72624944,190.0012367
707,37,0,-116.0130735,32.72605252,190.0028543
708,37,0,-116.0127962,32.72603276,190.0225525
709,37,0,-116.0125039,32.72612322,190.0112256
710,37,0,-116.0122299,32.72604491,190.0012106
711,37,0,-116.0119499,32.72593377,190.001479
712,37,0,-116.0116412,32.72586263,189.9945128
713,37,0,-116.0113445,32.72578899,189.9992138
714,37,0,-116.011042,32.7257407,189.9999853
715,37,0,-116.0107801,32.72569548,190.0009872
716,37,0,-116.0105813,32.72560799,189.9932907
717,37,0,-116.0104998,32.72540479,190.0057217
718,37,0,-116.0102181,32.72529731,190.002969
719,37,0,-116.0099073,32.72523931,190.0000054
720,37,0,-116.0095936,32.72518664,189.9997356
721,37,0,-116.0093154,32.72508623,189.999958
722,37,0,-116.0090319,32.72497895,190.0011045
723,37,0,-116.0087507,32.72484715,189.9990579
724,37,0,-116.0085304,32.72464608,189.9916823
725,37,0,-116.008259,32.72464704,190.0235775
726,37,0,-116.0079871,32.72476944,189.9983729
727,37,0,-116.0076803,32.72478949,189.9990656
728,37,0,-116.0074049,32.7247133,189.9995798
729,37,0,-116.0071624,32.72453325,189.9986523
730,37,0,-116.0070421,32.72435429,190.0017667
731,37,0,-116.0069896,32.72410671,190.0004249
732,37,0,-116.0067689,32.72403897,189.9987562
733,37,0,-116.0067395,32.72375688,190.0002358
734,37,0,-116.0066566,32.7235371,189.9869236
735,37,0,-116.0065134,32.72338448,189.9901152
736,37,0,-116.0064107,32.72309227,189.9971537
737,37,0,-116.0062081,32.72284684,190.0006342
738,37,0,-116.0064053,32.72267015,190.0042028
739,37,0,-116.0064121,32.72239243,189.9953729
740,37,0,-116.0062775,32.72213533,190.0017582
741,37,0,-116.0060444,32.72193062,189.9995375
742,37,0,-116.0058736,32.72166394,189.9998401
743,37,0,-116.005663,32.72144216,189.9993824
744,37,0,-116.0054248,32.72123607,189.9989525
745,37,0,-116.0052694,32.72097342,190.0000137
746,37,0,-116.0053508,32.72068706,189.999122
747,37,0,-116.0052867,32.72039611,190.0010742
748,37,0,-116.0051547,32.72016658,190.0063918
749,37,0,-116.0051402,32.71988308,189.9993714
750,37,0,-116.0051008,32.71958173,189.9999737
751,37,0,-116.0051221,32.71932707,190.0027911
752,37,0,-116.0050777,32.71901721,190.0014758
753,37,0,-116.0051377,32.71871996,190.000023
754,37,0,-116.0050488,32.71845946,189.9995416
755,37,0,-116.0050961,32.7181439,189.9985877
756,37,0,-116.005209,32.71784898,190.0056622
757,37,0,-116.005116,32.71770349,190.14179
758,37,0,-116.0052031,32.71748281,190.0847782
759,37,0,-116.0054285,32.71729344,189.9522726
760,37,0,-116.0052969,32.71729851,190.0564366
761,37,0,-116.0050508,32.71720348,190.0053782
762,37,0,-116.0048655,32.71737898,189.9660445
763,37,0,-116.0045636,32.71733947,189.9227317
764,37,0,-116.0043372,32.7171913,190.0365155
765,37,0,-116.0041669,32.7169631,190.0004548
766,37,0,-116.0043271,32.71674825,190.0153411
767,37,0,-116.0043821,32.71662037,190
768,38,0,-115.9964414,32.72653402,149.9916037
769,38,0,-115.9966184,32.72655244,150.0065148
770,38,0,-115.9964414,32.72653402,149.9916037
771,39,0,-116.0238538,32.72662037,210.0000002
772,39,0,-116.0238538,32.72662037,210.0000002
773,40,0,-116.0188544,32.72678912,200.0060247
774,40,0,-116.0191325,32.72663665,199.9893148
775,40,0,-116.0192333,32.7264231,200.020149
776,40,0,-116.0190515,32.7265992,200.0508708
777,40,0,-116.0187538,32.72650936,200.0029396
778,40,0,-116.0184391,32.72648947,199.9756971
779,40,0,-116.0181202,32.72645973,199.9945639
780,40,0,-116.0178718,32.72632714,200.0004946
781,40,0,-116.0179149,32.72601225,200.0000039
782,40,0,-116.017954,32.72569811,200.0005635
783,40,0,-116.0177917,32.72561105,200.0126652
784,40,0,-116.0175363,32.72578255,200.0044521
785,40,0,-116.0173868,32.72570307,200.0164444
786,40,0,-116.0174667,32.72543845,200.0775953
787,40,0,-116.0174779,32.72513053,200.0213031
788,40,0,-116.0174734,32.72483084,200.0134873
789,40,0,-116.0172189,32.72496783,199.9958425
790,40,0,-116.0170684,32.72523014,199.9988976
791,40,0,-116.0170145,32.72554529,199.990236
792,40,0,-116.0169105,32.72584565,200.015741
793,40,0,-116.0167117,32.72608363,200.0007157
794,40,0,-116.0165066,32.72630659,200.0006212
795,40,0,-116.0162176,32.72622831,200.0089991
796,40,0,-116.0159416,32.72607191,199.9960916
797,40,0,-116.0158357,32.72577181,200.0003982
798,40,0,-116.0158715,32.72545624,199.9992993
799,40,0,-116.015998,32.72517935,200.0231964
800,40,0,-116.01616,32.72492859,200.0022965
801,40,0,-116.0159843,32.72492063,200.0187327
802,40,0,-116.0157376,32.72507512,199.9971067
803,40,0,-116.0154703,32.72523971,199.9922856
804,40,0,-116.0151695,32.72530967,200.0040242
805,40,0,-116.0148678,32.72540505,199.9910596
806,40,0,-116.0145586,32.72533819,199.9934194
807,40,0,-116.0143515,32.72513798,200.0000212
808,40,0,-116.0141458,32.72494461,200.008214
809,40,0,-116.0139126,32.72473729,199.9998745
810,40,0,-116.0136887,32.72452277,200.0050065
811,40,0,-116.0137608,32.72423191,200.0145078
812,40,0,-116.0137479,32.72391561,199.9995849
813,40,0,-116.0137633,32.72361037,199.9992664
814,40,0,-116.0134955,32.72361319,199.9949613
815,40,0,-116.0132486,32.72350417,199.9992604
816,40,0,-116.0129448,32.72346471,200.0004682
817,40,0,-116.0126799,32.72355578,199.9994612
818,40,0,-116.0124156,32.72344678,200.0008252
819,40,0,-116.0121004,32.72340845,199.9998564
820,40,0,-116.0118328,32.72324316,200.0015027
821,40,0,-116.0115222,32.7232443,199.9995985
822,40,0,-116.0112648,32.72306953,199.9966883
823,40,0,-116.0109732,32.72294721,200.000161
824,40,0,-116.0107055,32.722836,200.0049645
825,40,0,-116.0104326,32.72268624,200.0003569
826,40,0,-116.010118,32.72267695,199.997378
827,40,0,-116.009868,32.72249317,200.0006956
828,40,0,-116.0096274,32.72231063,200.0003623
829,40,0,-116.0093615,32.72242781,200.0023273
830,40,0,-116.0091387,32.72265344,200.0080545
831,40,0,-116.008884,32.72267186,200.0030903
832,40,0,-116.0088039,32.72236683,199.9999616
833,40,0,-116.0089669,32.72215817,200.0143313
834,40,0,-116.0092295,32.72199541,199.9833582
835,40,0,-116.0090956,32.72173441,200.0091211
836,40,0,-116.0088926,32.72150033,200.0005939
837,40,0,-116.0087405,32.72123838,199.9770183
838,40,0,-116.00866,32.72097343,200.0002346
839,40,0,-116.0086014,32.72066382,200.0041769
840,40,0,-116.0084301,32.7204033,199.9992846
841,40,0,-116.0081978,32.72022683,200.00209
842,40,0,-116.0081289,32.71993383,199.9965895
843,40,0,-116.0079317,32.71968599,199.994201
844,40,0,-116.0077897,32.71942907,199.9842797
845,40,0,-116.0077852,32.71914402,199.9999878
846,40,0,-116.0078573,32.71885634,200.0002012
847,40,0,-116.0079204,32.7185484,200.0005459
848,40,0,-116.0080834,32.71828236,199.9991444
849,40,0,-116.0080263,32.71810278,199.9981384
850,40,0,-116.0077117,32.71809089,199.9657098
851,40,0,-116.0073922,32.71808362,200.0052503
852,40,0,-116.0071026,32.71808364,200.0864559
853,40,0,-116.0068992,32.71785412,200.0012156
854,40,0,-116.0068917,32.71757188,200.002562
855,40,0,-116.0070731,32.71730891,200.0021982
856,40,0,-116.0073519,32.71719059,199.9745577
857,40,0,-116.0075638,32.71703693,199.9995035
858,40,0,-116.0072497,32.7170312,199.9959108
859,40,0,-116.0069379,32.71698602,200.0003888
860,40,0,-116.0067314,32.71682358,200.0001681
861,40,0,-116.00673,32.71680556,200
862,41,0,-116.0194241,32.72680556,200.0000001
863,41,0,-116.0194241,32.72680556,200.0000001
864,42,0,-116.0202315,32.7269452,199.9999997
865,42,0,-116.0202142,32.72686768,199.9943506
866,42,0,-116.0198957,32.72687184,199.9599449
867,42,0,-116.0200541,32.72693036,200.0035068
868,42,0,-116.0202315,32.7269452,199.9999997
869,43,0,-116.0202933,32.72722566,199.9774049
870,43,0,-116.0199826,32.72728979,199.9757928
871,43,0,-116.0196659,32.72728147,199.9486584
872,43,0,-116.0194209,32.72707896,199.9905536
873,43,0,-116.0191292,32.72695564,199.995122
874,43,0,-116.0191104,32.72693514,200.0280414
875,44,0,-116.0059933,32.72726852,179.9999998
876,44,0,-116.0062632,32.72728625,180.0299558
877,44,0,-116.006127,32.72755711,179.957534
878,44,0,-116.0059483,32.72740468,180.0003532
879,44,0,-116.0059933,32.72726852,179.9999998
880,45,0,-116.0208262,32.7272719,200.0002186
881,45,0,-116.0206812,32.72702036,200.0031874
882,45,0,-116.0205005,32.72707613,200.0078804
883,45,0,-116.0203866,32.72715583,199.9571683
884,46,0,-116.0217839,32.72752183,209.9601767
885,46,0,-116.0221039,32.72753451,209.9697519
886,46,0,-116.022423,32.72755083,209.9990371
887,46,0,-116.0227373,32.72748918,210.000095
888,46,0,-116.0230407,32.72738642,210.00233
889,46,0,-116.0229007,32.72722608,210.0011442
890,46,0,-116.023034,32.72709917,210.0048786
891,46,0,-116.0229877,32.72689524,210.0009024
892,46,0,-116.02288,32.72677613,209.9888276
893,46,0,-116.02256,32.72675674,209.9988607
894,46,0,-116.0222399,32.72673642,209.9916343
895,46,0,-116.0219202,32.72671107,209.99693
896,46,0,-116.0216703,32.72656458,210.0152293
897,46,0,-116.021625,32.72625572,209.9999535
898,46,0,-116.0215153,32.72605193,210.018066
899,46,0,-116.0211993,32.72603237,210.0083719
900,46,0,-116.0208807,32.72601359,210.0000342
901,46,0,-116.0205753,32.72608428,210.0084543
902,46,0,-116.0204081,32.72588295,210.0035469
903,46,0,-116.0205315,32.72559498,210.0368017
904,46,0,-116.0204848,32.72548244,210.2432848
905,46,0,-116.0205775,32.72520368,210.0478059
906,46,0,-116.0204861,32.72494659,210.0226472
907,46,0,-116.0203735,32.72517763,210.0174422
908,46,0,-116.020135,32.72535435,209.9825734
909,46,0,-116.0198807,32.72538968,209.9864281
910,46,0,-116.0196212,32.72534197,209.9877533
911,46,0,-116.0194502,32.72517114,209.9829473
912,46,0,-116.0192418,32.72518746,209.9953946
913,46,0,-116.018942,32.72520724,209.9967093
914,46,0,-116.0186557,32.72509983,210.0000199
915,46,0,-116.0185995,32.72480381,209.993624
916,46,0,-116.0185469,32.7245189,210.009052
917,46,0,-116.0183632,32.72434352,209.9529598
918,46,0,-116.0185131,32.72407341,210.0014697
919,46,0,-116.0186704,32.72380531,210.0391474
920,46,0,-116.0186594,32.72358643,209.9984156
921,46,0,-116.018401,32.7237429,210.0188752
922,46,0,-116.0181507,32.72388531,210.0019621
923,46,0,-116.0179457,32.72401571,210.0116563
924,46,0,-116.0177055,32.72418289,210.0574882
925,46,0,-116.0174761,32.72439431,209.9863467
926,46,0,-116.01725,32.72461857,209.9903781
927,46,0,-116.0170217,32.72483119,209.9760698
928,46,0,-116.0168569,32.72509564,210.0174136
929,46,0,-116.0166338,32.72516206,210.0108454
930,46,0,-116.0166583,32.72485524,209.9977468
931,46,0,-116.0167135,32.72453978,209.9999919
932,46,0,-116.0167435,32.72422972,209.9939302
933,46,0,-116.0168422,32.72394934,210.0023137
934,46,0,-116.0170565,32.72371832,209.9866252
935,46,0,-116.0169384,32.72352731,209.9589163
936,46,0,-116.0167168,32.72356528,210.0011412
937,46,0,-116.0164643,32.72375668,209.9933081
938,46,0,-116.0161695,32.7238791,209.99587
939,46,0,-116.0159567,32.72410152,210.0065879
940,46,0,-116.0156661,32.72403009,209.9983159
941,46,0,-116.0153817,32.7239222,209.9979041
942,46,0,-116.015131,32.72372619,210.0013249
943,46,0,-116.0150239,32.72345206,210.0006141
944,46,0,-116.0149234,32.72315873,209.9709339
945,46,0,-116.0148102,32.72287414,210.003785
946,46,0,-116.014565,32.72272844,210.0018244
947,46,0,-116.0142562,32.72273801,209.9998242
948,46,0,-116.0140624,32.7225439,209.992773
949,46,0,-116.0141882,32.72226192,209.9755789
950,46,0,-116.0143095,32.72196741,209.9967012
951,46,0,-116.0144202,32.7216679,209.9992497
952,46,0,-116.0145647,32.72138679,210.0071729
953,46,0,-116.0144122,32.7212888,209.9984742
954,46,0,-116.0141372,32.72124368,209.9963193
955,46,0,-116.0138437,32.72116612,210.0007985
956,46,0,-116.0135465,32.72107841,210.002011
957,46,0,-116.0132449,32.72101691,209.9991803
958,46,0,-116.012939,32.72105078,209.9944348
959,46,0,-116.0126344,32.72100818,209.9991436
960,46,0,-116.0125261,32.72071392,210.0108143
961,46,0,-116.0122486,32.72057408,210.001614
962,46,0,-116.0119574,32.72045374,209.9936859
963,46,0,-116.0116747,32.72032875,209.9998388
964,46,0,-116.0113895,32.72026221,209.9999847
965,46,0,-116.011375,32.72010423,209.9823667
966,46,0,-116.0116401,32.7199449,210.0020532
967,46,0,-116.0114846,32.71970046,210.0003639
968,46,0,-116.0112391,32.71951387,209.9951854
969,46,0,-116.0110436,32.71926834,209.9989447
970,46,0,-116.0108526,32.71903406,210.0005
971,46,0,-116.0108442,32.7187304,209.997303
972,46,0,-116.0107829,32.71843242,210.0001024
973,46,0,-116.0105568,32.71827795,209.9999787
974,46,0,-116.0103714,32.71812553,210.0007264
975,46,0,-116.0103616,32.71782277,209.9995984
976,46,0,-116.0105855,32.71762065,209.984243
977,46,0,-116.0108992,32.71755811,210.0144522
978,46,0,-116.0110478,32.7174023,209.9919872
979,46,0,-116.0107727,32.71727087,209.9945279
980,46,0,-116.0108183,32.71708333,210
981,47,0,-116.0273611,32.72763839,210.0000001
982,47,0,-116.0270482,32.7275718,210.0134194
983,47,0,-116.0267287,32.72755647,210.0033956
984,47,0,-116.0264084,32.72754376,210.0025851
985,47,0,-116.0260899,32.72756944,209.9829065
986,47,0,-116.0257718,32.72758532,209.9726874
987,47,0,-116.02594,32.72748706,209.9488582
988,47,0,-116.0262444,32.72740543,209.9995413
989,47,0,-116.026563,32.72736931,210.002071
990,47,0,-116.0268782,32.72731526,210.0000025
991,47,0,-116.0271524,32.72723932,210.0063553
992,47,0,-116.026939,32.72709496,209.9975295
993,47,0,-116.0266211,32.72707697,210.0044494
994,47,0,-116.0263082,32.72712103,210.0307285
995,47,0,-116.0259907,32.72715574,210.0385321
996,47,0,-116.0256776,32.72721082,209.9969002
997,47,0,-116.0253701,32.72725748,209.9996658
998,47,0,-116.025068,32.72734648,209.9958716
999,47,0,-116.0247708,32.72745812,209.9931822
1000,47,0,-116.024463,32.72753492,209.9819412
1001,47,0,-116.0241517,32.7276097,210.0141116
1002,47,0,-116.023838,32.72767517,210.0016102
1003,47,0,-116.0235212,32.7277206,210.0006716
1004,47,0,-116.0232096,32.72778738,209.9956476
1005,47,0,-116.0228909,32.72777144,210.0000714
1006,47,0,-116.0225715,32.72778688,209.978086
1007,47,0,-116.0222644,32.7277087,209.99271
1008,47,0,-116.0219457,32.7276781,209.9944225
1009,47,0,-116.0218191,32.72762755,210.0373517
1010,48,0,-116.0251655,32.72763889,209.9999998
1011,48,0,-116.0251655,32.72763889,209.9999998
1012,49,0,-116.0181221,32.72793694,190.0002994
1013,49,0,-116.0181221,32.72793694,190.0002994
1014,50,0,-116.0179273,32.72811245,189.9926091
1015,50,0,-116.0179273,32.72811245,189.9926091
1016,51,0,-116.0009744,32.72819666,159.9938372
1017,51,0,-116.0009744,32.72819666,159.9938372
1018,52,0,-116.0275518,32.72829254,209.9927617
1019,52,0,-116.0274368,32.72800268,210.0047217
1020,52,0,-116.0274434,32.72772501,209.9923325
1021,52,0,-116.027442,32.72771976,209.9869059
1022,53,0,-116.0105117,32.72838207,180.0005837
1023,53,0,-116.0105117,32.72838207,180.0005837
1024,54,0,-116.0276389,32.72839544,210
1025,54,0,-116.0276177,32.72835842,209.9867611
1026,55,0,-116.0219137,32.72875,200.0000002
1027,55,0,-116.0219137,32.72875,200.0000002
1028,56,0,-116.0152411,32.72893519,180.0000002
1029,56,0,-116.0152411,32.72893519,180.0000002
1030,57,0,-116.0060856,32.728956,169.9574254
1031,57,0,-116.0060856,32.728956,169.9574254
1032,58,0,-116.0151613,32.72921296,180.0000001
1033,58,0,-116.0151613,32.72921296,180.0000001
1034,59,0,-115.997656,32.72967593,140.0000002
1035,59,0,-115.997656,32.72967593,140.0000002
1036,60,0,-115.9956019,32.73062594,129.9999999
1037,60,0,-115.9956019,32.73058904,130.0000001
1038,61,0,-116.0057379,32.73157121,159.9696638
1039,61,0,-116.0057512,32.7316334,159.9846512
1040,61,0,-116.0057507,32.73155354,160.062509
1041,61,0,-116.0057379,32.73157121,159.9696638
1042,62,0,-116.0064413,32.73384875,159.9883067
1043,62,0,-116.0064413,32.73384875,159.9883067
1044,63,0,-116.0065597,32.73393519,160
1045,63,0,-116.0066904,32.73406195,159.9979517
1046,63,0,-116.0065597,32.73393519,160
1047,64,0,-115.9957502,32.73402778,129.9999996
1048,64,0,-115.9960567,32.73395138,129.9626089
1049,64,0,-115.9963611,32.73386608,130.0578095
1050,64,0,-115.9965246,32.73369527,130.0034254
1051,64,0,-115.9962047,32.73370911,130.0036106
1052,64,0,-115.9958948,32.73377191,129.9817447
1053,64,0,-115.9955774,32.73377513,129.9452603
1054,64,0,-115.9957815,32.73363177,129.9921127
1055,64,0,-115.9960176,32.73347235,130.0000009
1056,64,0,-115.9963301,32.73340213,129.9867773
1057,64,0,-115.9966255,32.7332927,129.9951179
1058,64,0,-115.9967738,32.73308545,130.0065804
1059,64,0,-115.9967717,32.73296877,130.018433
1060,64,0,-115.9965341,32.73278813,129.9988972
1061,64,0,-115.9964206,32.73249653,129.9996539
1062,64,0,-115.9962678,32.7322884,130.008445
1063,64,0,-115.9960805,32.73206171,130.0239929
1064,64,0,-115.9960797,32.73175292,130.0056615
1065,64,0,-115.9961069,32.73143806,129.999765
1066,64,0,-115.9960141,32.73120127,130.0004003
1067,64,0,-115.9959955,32.73104389,130.0235801
1068,64,0,-115.9956919,32.73101265,129.9976015
1069,64,0,-115.9955732,32.73090828,130.134069
1070,65,0,-115.9969321,32.73406171,129.9587183
1071,65,0,-115.9968743,32.73402778,130.0000003
1072,66,0,-115.9969947,32.73412037,130.0000001
1073,66,0,-115.9969822,32.7341118,130.0065253
1074,67,0,-116.000334,32.73430556,140
1075,67,0,-116.0001398,32.73405061,139.999878
1076,67,0,-115.9999319,32.73385867,139.9898985
1077,67,0,-115.9997532,32.73364231,140.0084842
1078,67,0,-115.999494,32.7334619,139.9992762
1079,67,0,-115.9992725,32.73324276,140.0019223
1080,67,0,-115.9990754,32.73300983,140.0000124
1081,67,0,-115.9992204,32.7327831,139.9999862
1082,67,0,-115.9993941,32.73258939,140.0000225
1083,67,0,-115.9991606,32.7324959,139.9773374
1084,67,0,-115.9988483,32.73256356,139.9868628
1085,67,0,-115.9985313,32.7325492,139.9985821
1086,67,0,-115.998353,32.73229572,139.9419284
1087,67,0,-115.9984239,32.7320066,139.9973595
1088,67,0,-115.9983728,32.73184813,139.9990169
1089,67,0,-115.9981047,32.73174701,139.998729
1090,67,0,-115.9978664,32.73191585,140.0053927
1091,67,0,-115.9976035,32.73176951,139.9406339
1092,67,0,-115.9973167,32.7316744,140.000288
1093,67,0,-115.9970067,32.73160326,139.9859674
1094,67,0,-115.9969148,32.73133513,139.9941227
1095,67,0,-115.9970987,32.73108199,140.0357794
1096,67,0,-115.9972317,32.73079434,140.0043398
1097,67,0,-115.9973599,32.73050829,139.9948177
1098,67,0,-115.997291,32.73033757,140.0274939
1099,67,0,-115.9974949,32.73013765,140.0002204
1100,67,0,-115.9978031,32.73010984,140.0192554
1101,67,0,-115.9977842,32.72995737,139.9983906
1102,67,0,-115.9975355,32.72983207,139.9492575
1103,67,0,-115.9974059,32.72975652,139.9962244
1104,67,0,-115.9971357,32.72989492,139.9780148
1105,67,0,-115.9968731,32.72980979,139.9983685
1106,67,0,-115.9968929,32.72949243,140.0010485
1107,67,0,-115.9969549,32.72922647,139.9907078
1108,67,0,-115.9967797,32.72900486,139.9864981
1109,67,0,-115.9965009,32.72885347,139.9955576
1110,67,0,-115.9962488,32.72871949,139.9988546
1111,67,0,-115.9960355,32.72856325,139.9998767
1112,67,0,-115.995787,32.72842124,140.0000001
1113,68,0,-116.0038677,32.73458333,150
1114,68,0,-116.0039628,32.73431576,149.9920704
1115,68,0,-116.0040185,32.73409318,150.0007911
1116,68,0,-116.0038649,32.73382911,150.008591
1117,68,0,-116.0035843,32.73369508,150.0077923
1118,68,0,-116.003353,32.73353992,149.9737366
1119,68,0,-116.0032193,32.73332252,150.0020919
1120,68,0,-116.0029181,32.73331322,149.9994402
1121,68,0,-116.0029815,32.73314624,150.0002937
1122,68,0,-116.0029141,32.73295326,149.9998596
1123,68,0,-116.00266,32.73284539,149.96609
1124,68,0,-116.0023453,32.73283751,150.0259363
1125,68,0,-116.002045,32.73281949,150.0016373
1126,68,0,-116.0022841,32.73265704,149.9954736
1127,68,0,-116.0022619,32.73258139,150.0000702
1128,68,0,-116.0019454,32.73258457,150.0005476
1129,68,0,-116.001764,32.73248954,149.995541
1130,68,0,-116.002045,32.73236436,149.9981164
1131,68,0,-116.0022545,32.73215664,149.9981647
1132,68,0,-116.0021966,32.73200959,149.9737841
1133,68,0,-116.0019734,32.73184704,149.9965543
1134,68,0,-116.001893,32.73158248,149.9978186
1135,68,0,-116.0015936,32.73162691,149.9992234
1136,68,0,-116.0013506,32.73174293,150.0017629
1137,68,0,-116.0012691,32.73149552,150.0020252
1138,68,0,-116.001247,32.73122465,149.9960055
1139,68,0,-116.0009593,32.73126913,150.00424
1140,68,0,-116.0006402,32.73126537,150.0013343
1141,68,0,-116.0003462,32.73114265,149.9986145
1142,68,0,-116.0000642,32.73099172,150.0059542
1143,68,0,-116.0002821,32.73081651,149.998857
1144,68,0,-116.0003714,32.7305626,150.0000666
1145,68,0,-116.0001623,32.7303499,150.0014719
1146,68,0,-115.9999382,32.7301668,149.9956431
1147,68,0,-115.9996922,32.73018632,150.001034
1148,68,0,-115.9993975,32.73031218,150.000112
1149,68,0,-115.999113,32.73045914,150.0005703
1150,68,0,-115.9988246,32.73059606,150.0019129
1151,68,0,-115.9985753,32.73079462,149.9979151
1152,68,0,-115.9983174,32.73097519,149.9999051
1153,68,0,-115.9980168,32.73100049,150.0096271
1154,68,0,-115.9981456,32.73072262,150.0025467
1155,68,0,-115.9983383,32.73046861,149.9897267
1156,68,0,-115.9985918,32.73027773,150.0000292
1157,68,0,-115.9988393,32.73008717,149.9998878
1158,68,0,-115.9990223,32.72982728,150.0013732
1159,68,0,-115.999254,32.72960751,149.9992796
1160,68,0,-115.9992947,32.72929641,149.9882352
1161,68,0,-115.9992274,32.72900163,149.9998996
1162,68,0,-115.9991509,32.72870818,149.9992337
1163,68,0,-115.99908,32.72841982,150.0017987
1164,68,0,-115.9988893,32.72817526,149.9994155
1165,68,0,-115.998654,32.72796166,149.9996349
1166,68,0,-115.9985739,32.72771602,150.013673
1167,68,0,-115.9982766,32.72782347,150.0000593
1168,68,0,-115.9980272,32.72798322,149.9913373
1169,68,0,-115.9978709,32.72783759,149.9999356
1170,68,0,-115.9975921,32.72782503,149.9999961
1171,68,0,-115.9973322,32.72767166,150.004718
1172,68,0,-115.9972309,32.72741242,150.0002228
1173,68,0,-115.997462,32.72719124,149.9969451
1174,68,0,-115.9975594,32.72702887,150.0114022
1175,68,0,-115.9972896,32.72688088,150.0563137
1176,68,0,-115.9970029,32.72675913,149.9998391
1177,68,0,-115.9967143,32.72664113,149.9982822
1178,68,0,-115.9969166,32.72657825,149.9918959
1179,68,0,-115.9970052,32.72645095,150.005605
1180,68,0,-115.9968301,32.72622473,150.0195264
1181,68,0,-115.9965445,32.72623268,149.9377008
1182,68,0,-115.9963798,32.72606461,149.9998452
1183,68,0,-115.9961532,32.72590395,149.9959095
1184,68,0,-115.9960648,32.72578157,150.0000001
1185,69,0,-116.0077235,32.73486111,160
1186,69,0,-116.0077536,32.73467562,160.0000574
1187,69,0,-116.0080578,32.73461681,160.0002095
1188,69,0,-116.0081282,32.73446847,159.9861519
1189,69,0,-116.0080724,32.7342223,160.0076369
1190,69,0,-116.007969,32.73400039,160.0194173
1191,69,0,-116.0077864,32.73392092,160.0053833
1192,69,0,-116.0075251,32.73385685,159.9904816
1193,69,0,-116.0072656,32.73369973,159.999811
1194,69,0,-116.0073716,32.73342099,160.0001791
1195,69,0,-116.007581,32.73320331,159.9944173
1196,69,0,-116.0075475,32.73291381,159.999685
1197,69,0,-116.0073136,32.73275941,159.9987828
1198,69,0,-116.0070855,32.73271119,159.9976702
1199,69,0,-116.0071125,32.7324358,160.0226488
1200,69,0,-116.0067962,32.73239458,159.9874106
1201,69,0,-116.0069124,32.7322835,160.0190003
1202,69,0,-116.0068364,32.73215197,159.9821467
1203,69,0,-116.0065676,32.73219086,159.9977932
1204,69,0,-116.0062542,32.73217593,160.0000001
1205,69,0,-116.0059378,32.73216807,160.0020541
1206,69,0,-116.0057975,32.73205309,159.9974213
1207,69,0,-116.0058222,32.73189121,159.9994644
1208,69,0,-116.0055351,32.73189489,159.998112
1209,69,0,-116.0052171,32.73189839,159.9995965
1210,69,0,-116.0054776,32.73172695,159.9992481
1211,69,0,-116.0053789,32.73151528,159.9956372
1212,69,0,-116.0050954,32.73141126,159.995937
1213,69,0,-116.0049029,32.73122925,160.0015885
1214,69,0,-116.0047126,32.7309816,160.0003972
1215,69,0,-116.0044729,32.73077825,159.9975594
1216,69,0,-116.0042224,32.73059584,160.0053003
1217,69,0,-116.0041471,32.73031884,160.0022163
1218,69,0,-116.0038869,32.73014025,159.9999558
1219,69,0,-116.00388,32.72989901,160.0042179
1220,69,0,-116.0036809,32.72989465,159.9875265
1221,69,0,-116.0033655,32.72984874,160.01155
1222,69,0,-116.0032069,32.72965217,159.936812
1223,69,0,-116.0032827,32.72940899,159.997127
1224,69,0,-116.0030764,32.72950873,159.9986817
1225,69,0,-116.0028764,32.72960714,160.0008645
1226,69,0,-116.0026691,32.72983775,159.9943662
1227,69,0,-116.0024178,32.73002995,160.0022179
1228,69,0,-116.0022323,32.72994275,159.9977429
1229,69,0,-116.0020722,32.7297044,160.0110012
1230,69,0,-116.0019301,32.7294723,159.9997897
1231,69,0,-116.002141,32.72926912,159.9921371
1232,69,0,-116.0022184,32.72905015,159.9997682
1233,69,0,-116.0022398,32.72879676,160.0003267
1234,69,0,-116.0019873,32.72864782,160.011447
1235,69,0,-116.0016763,32.72868086,160.0184557
1236,69,0,-116.0013821,32.72868815,160.0022906
1237,69,0,-116.0010728,32.72865559,159.998242
1238,69,0,-116.0010886,32.72841334,160.0054479
1239,69,0,-116.0012512,32.72824983,159.9991244
1240,69,0,-116.0014473,32.72807666,160.0163887
1241,69,0,-116.0011777,32.72794292,159.9609331
1242,69,0,-116.0008831,32.72784207,160.004708
1243,69,0,-116.0007219,32.72758922,159.9969268
1244,69,0,-116.0005814,32.72731701,159.9994294
1245,69,0,-116.0004771,32.7270589,159.9978096
1246,69,0,-116.0001632,32.7270059,160.005021
1247,69,0,-115.9999605,32.72676634,159.9976898
1248,69,0,-115.9997729,32.72656992,160.0009251
1249,69,0,-115.9995598,32.72636713,159.9929595
1250,69,0,-115.9992736,32.72631932,159.9998278
1251,69,0,-115.9992705,32.72601303,159.999558
1252,69,0,-115.9993661,32.72570837,159.9952938
1253,69,0,-115.999212,32.72545649,160.0000962
1254,69,0,-115.9989335,32.72531334,159.9993711
1255,69,0,-115.9988969,32.72526068,160.0024623
1256,70,0,-116.0103328,32.7350463,160
1257,70,0,-116.0100494,32.73492252,159.9996642
1258,70,0,-116.0097689,32.7348321,160.0001528
1259,70,0,-116.0094733,32.73478014,160.0045709
1260,70,0,-116.0091638,32.73472312,159.9999242
1261,70,0,-116.0089308,32.73475929,159.9937707
1262,70,0,-116.0086741,32.73478404,159.9964431
1263,70,0,-116.0083646,32.73480006,160.0007379
1264,70,0,-116.0080482,32.73481118,159.9980931
1265,70,0,-116.0078908,32.73486111,160
1266,71,0,-116.0285622,32.73569445,200
1267,71,0,-116.028361,32.73546254,199.9997265
1268,71,0,-116.028213,32.73519816,200.0018341
1269,71,0,-116.027979,32.73499984,199.9999538
1270,71,0,-116.0278572,32.7347333,200.0073838
1271,71,0,-116.0277701,32.73444957,199.9987444
1272,71,0,-116.0275094,32.73427169,199.9975527
1273,71,0,-116.02743,32.73399243,199.999635
1274,71,0,-116.0272483,32.73373197,200.007786
1275,71,0,-116.0272455,32.73345617,200.0025242
1276,71,0,-116.0271368,32.73317431,199.9982115
1277,71,0,-116.0270231,32.7328781,200.0015344
1278,71,0,-116.0267829,32.73267816,199.9983485
1279,71,0,-116.026624,32.73240767,199.9999924
1280,71,0,-116.026382,32.73220432,199.9991181
1281,71,0,-116.0263572,32.73191706,199.9982005
1282,71,0,-116.026139,32.73172695,200.0015888
1283,71,0,-116.0260774,32.73145987,199.9965818
1284,71,0,-116.0258821,32.73121306,200.0000788
1285,71,0,-116.0256561,32.73099641,199.999205
1286,71,0,-116.0255452,32.73072886,199.9984626
1287,71,0,-116.0254682,32.73042095,200.0004359
1288,71,0,-116.0253653,32.73013241,200.0004044
1289,71,0,-116.025271,32.72983359,199.999375
1290,71,0,-116.0250747,32.72962292,200.010464
1291,71,0,-116.0250665,32.72933748,199.9988791
1292,71,0,-116.0248744,32.72912092,199.999759
1293,71,0,-116.0245756,32.72906519,199.9977012
1294,71,0,-116.0243125,32.72921061,199.997822
1295,71,0,-116.0241407,32.72898619,199.9990866
1296,71,0,-116.0239317,32.72880516,199.9994816
1297,71,0,-116.0236367,32.72887477,200.0083367
1298,71,0,-116.0233374,32.7289379,199.9995604
1299,71,0,-116.0230416,32.72890341,199.9896072
1300,71,0,-116.0227858,32.72873897,199.9992953
1301,71,0,-116.0225084,32.728771,200.0048292
1302,71,0,-116.0222385,32.72890422,200.0157224
1303,71,0,-116.0219345,32.72895749,200.0173316
1304,71,0,-116.0217441,32.72893005,199.9970261
1305,71,0,-116.0214686,32.72892706,199.9978852
1306,71,0,-116.0211981,32.72876587,199.9987599
1307,71,0,-116.0209443,32.72857946,199.9968094
1308,71,0,-116.0207345,32.72834776,199.9929771
1309,71,0,-116.0204623,32.72819766,200.0000996
1310,71,0,-116.0201953,32.72810619,200.0068884
1311,71,0,-116.0203614,32.72796897,199.9981149
1312,71,0,-116.0206277,32.72783948,200.0090138
1313,71,0,-116.0206828,32.72763217,200.0009158
1314,71,0,-116.0209536,32.72749989,200.000056
1315,71,0,-116.0208297,32.7273673,200.000117
1316,72,0,-116.0170062,32.73569445,170
1317,72,0,-116.0168751,32.73544776,169.9972436
1318,72,0,-116.016715,32.73522567,169.9990839
1319,72,0,-116.0165615,32.73495101,170.0000613
1320,72,0,-116.0164028,32.73472791,170.0002219
1321,72,0,-116.0161414,32.73455254,169.99754
1322,72,0,-116.015952,32.73434768,170.001471
1323,72,0,-116.0157294,32.73413709,170.0067543
1324,72,0,-116.0155924,32.73387175,170.0019824
1325,72,0,-116.0153402,32.73370094,170.0013203
1326,72,0,-116.015119,32.73350479,169.9967256
1327,72,0,-116.0148947,32.73332183,169.9856947
1328,72,0,-116.0146258,32.73315674,170.0010686
1329,72,0,-116.0143344,32.73304693,169.9996344
1330,72,0,-116.0140596,32.732896,169.9966983
1331,72,0,-116.0137827,32.73275169,169.9994542
1332,72,0,-116.0135538,32.73254105,170.001806
1333,72,0,-116.0133065,32.73234436,169.9985965
1334,72,0,-116.0130851,32.73212327,169.9982107
1335,72,0,-116.012859,32.73217074,169.9966491
1336,72,0,-116.0126152,32.73227168,170.0015619
1337,72,0,-116.0123662,32.73241691,169.9997255
1338,72,0,-116.0121401,32.73245305,169.9998859
1339,72,0,-116.0118556,32.73250822,170.0042462
1340,72,0,-116.0116207,32.73264333,170.0001786
1341,72,0,-116.0113359,32.73268175,170.0002934
1342,72,0,-116.0110345,32.7327755,170.0010915
1343,72,0,-116.0107695,32.73277157,170.0017741
1344,72,0,-116.0105125,32.73280282,169.999199
1345,72,0,-116.0103053,32.73302731,169.9879907
1346,72,0,-116.0101962,32.73281737,169.999117
1347,72,0,-116.0098974,32.73276775,170.0079895
1348,72,0,-116.0098339,32.73250967,170.0063735
1349,72,0,-116.0098092,32.73223555,170.0026226
1350,72,0,-116.0096807,32.73197301,170.0027314
1351,72,0,-116.0099577,32.7318396,170.0053327
1352,72,0,-116.0102507,32.73173743,170.0043456
1353,72,0,-116.0105216,32.73162248,169.9954714
1354,72,0,-116.0103162,32.73147404,170.0008838
1355,72,0,-116.0100025,32.73141151,170.0007178
1356,72,0,-116.0099481,32.73130759,170.0013423
1357,72,0,-116.0102314,32.73116398,170.0001039
1358,72,0,-116.0099969,32.73109889,169.9944784
1359,72,0,-116.0097626,32.73104604,170.0055103
1360,72,0,-116.010044,32.73092177,170.0003633
1361,72,0,-116.010083,32.73069075,169.9999192
1362,72,0,-116.0097679,32.73068174,169.9982263
1363,72,0,-116.0094481,32.7306624,170.0165632
1364,72,0,-116.0092283,32.73050061,169.9806576
1365,72,0,-116.0090887,32.73050257,169.9959031
1366,72,0,-116.0088017,32.73060977,169.9990339
1367,72,0,-116.0085018,32.73053724,170.0063478
1368,72,0,-116.0081871,32.73056907,170.0026194
1369,72,0,-116.0078749,32.73062538,169.9995234
1370,72,0,-116.0078758,32.7304118,169.9978309
1371,72,0,-116.0081569,32.73026765,170.0156734
1372,72,0,-116.0083107,32.73008557,170.0015152
1373,72,0,-116.008169,32.72984452,169.9978532
1374,72,0,-116.0078715,32.72984499,169.99972
1375,72,0,-116.0075923,32.72982166,170.0006235
1376,72,0,-116.0073382,32.72968044,169.9999886
1377,72,0,-116.0070879,32.72955438,169.9995919
1378,72,0,-116.0068151,32.72939081,170.0089789
1379,72,0,-116.0065943,32.72921997,170.0065508
1380,72,0,-116.006277,32.72919864,169.9831152
1381,72,0,-116.0063502,32.72903438,169.9915079
1382,72,0,-116.0062026,32.72890375,169.999868
1383,72,0,-116.0059778,32.72879136,170.0002156
1384,72,0,-116.0056887,32.72882918,170.011387
1385,72,0,-116.005387,32.72892878,170.0029165
1386,72,0,-116.0050718,32.72895889,170.0287753
1387,72,0,-116.0047832,32.72890907,169.9931495
1388,72,0,-116.0048311,32.72863084,169.9971605
1389,72,0,-116.0048182,32.72844141,169.9961363
1390,72,0,-116.0045347,32.72852779,169.9982944
1391,72,0,-116.0042486,32.72842948,169.9977659
1392,72,0,-116.0043782,32.72817436,169.8987568
1393,72,0,-116.0045775,32.72794573,170.004654
1394,72,0,-116.004318,32.72781887,170.0002008
1395,72,0,-116.0040165,32.72778829,169.9996866
1396,72,0,-116.0037595,32.72788051,169.997998
1397,72,0,-116.0035186,32.72777781,170.000011
1398,72,0,-116.003635,32.72753163,169.9476435
1399,72,0,-116.0033401,32.72745354,169.9999145
1400,72,0,-116.00308,32.72731533,169.9997339
1401,72,0,-116.0028236,32.7272264,170.0000954
1402,72,0,-116.0026935,32.72697994,169.9945607
1403,72,0,-116.0027158,32.72679989,170.0277644
1404,72,0,-116.0024577,32.72690064,170.0093629
1405,72,0,-116.0022645,32.72667352,169.9997047
1406,72,0,-116.0023271,32.72640491,170.0266533
1407,72,0,-116.0024278,32.72613867,169.9807244
1408,72,0,-116.002171,32.7259689,170.0006403
1409,72,0,-116.0021963,32.72578091,169.9937254
1410,72,0,-116.0019499,32.72567074,169.9925219
1411,72,0,-116.0017483,32.72547914,170.003842
1412,73,0,-116.0251732,32.73652778,190
1413,73,0,-116.0249473,32.73630751,189.9994752
1414,73,0,-116.0248328,32.73604598,189.9969141
1415,73,0,-116.024678,32.73580706,190.0009257
1416,73,0,-116.024468,32.73559494,189.9927815
1417,73,0,-116.0244969,32.73530951,190.0004756
1418,73,0,-116.0243141,32.73507287,190.0071976
1419,73,0,-116.0241118,32.73486475,189.9948503
1420,73,0,-116.0241839,32.73461946,190.0068262
1421,73,0,-116.0242564,32.73431658,189.999951
1422,73,0,-116.0242114,32.73400528,190.0000324
1423,73,0,-116.0240023,32.73376959,189.9932398
1424,73,0,-116.0238181,32.73352764,189.9977917
1425,73,0,-116.0236568,32.73327092,189.999694
1426,73,0,-116.0235082,32.73299094,189.9992576
1427,73,0,-116.0233936,32.7326984,190.001804
1428,73,0,-116.0232969,32.73239779,190.0007748
1429,73,0,-116.0231142,32.73214186,189.9990578
1430,73,0,-116.0229418,32.73187912,190.0058919
1431,73,0,-116.0226658,32.73172861,190.0020978
1432,73,0,-116.0224034,32.7315933,189.9991889
1433,73,0,-116.0222406,32.73134083,190.0001303
1434,73,0,-116.0220679,32.73108598,189.9978549
1435,73,0,-116.0218425,32.73097469,189.9995966
1436,73,0,-116.0216187,32.73078738,190.000053
1437,73,0,-116.0215158,32.73056342,190.0012665
1438,73,0,-116.021333,32.73033729,189.9860082
1439,73,0,-116.021281,32.73016615,189.9703474
1440,73,0,-116.020964,32.73017781,189.9989495
1441,73,0,-116.020658,32.73011514,190.0001775
1442,73,0,-116.0203756,32.73008527,189.9952413
1443,73,0,-116.0201271,32.73008672,189.9984983
1444,73,0,-116.0199597,32.72988102,190.0031794
1445,73,0,-116.0196865,32.72983541,189.995013
1446,73,0,-116.0194137,32.72967292,189.9995911
1447,73,0,-116.0192998,32.7294024,189.9944757
1448,73,0,-116.0193431,32.72937985,190.002492
1449,73,0,-116.0194812,32.7291987,189.9335323
1450,73,0,-116.0196952,32.72902227,190.0026049
1451,73,0,-116.0198473,32.72892404,189.9550794
1452,73,0,-116.0195423,32.72886237,189.9613597
1453,73,0,-116.0196642,32.72862604,190.0054613
1454,73,0,-116.0195711,32.72841656,190.0279778
1455,73,0,-116.019416,32.72868146,189.9429369
1456,73,0,-116.0193417,32.72898225,190.0020879
1457,73,0,-116.019088,32.72913329,189.9721234
1458,73,0,-116.0188326,32.72897373,189.9975419
1459,73,0,-116.0188767,32.72874299,190.0124101
1460,73,0,-116.0186314,32.72867766,190.0042914
1461,73,0,-116.0183532,32.72854535,189.99452
1462,73,0,-116.0182798,32.72836679,189.9522214
1463,73,0,-116.0185401,32.7282158,190.040182
1464,73,0,-116.0187542,32.72807634,190.0186099
1465,73,0,-116.0184686,32.72799453,189.9777428
1466,73,0,-116.0181704,32.72806238,190.0128042
1467,73,0,-116.0179024,32.72797966,190.0646906
1468,73,0,-116.01764,32.72809569,189.9900705
1469,73,0,-116.0174959,32.72795223,189.9936338
1470,73,0,-116.0171816,32.72791994,189.9997521
1471,73,0,-116.0170199,32.72765202,189.9983949
1472,73,0,-116.01688,32.72740432,189.9997127
1473,73,0,-116.0165733,32.72732591,190.0011812
1474,73,0,-116.0162565,32.72736009,189.9973649
1475,73,0,-116.0159415,32.72731051,189.998361
1476,73,0,-116.0156213,32.72729977,190.0256726
1477,73,0,-116.0155483,32.72725465,189.9976136
1478,73,0,-116.015866,32.72721756,189.993397
1479,73,0,-116.0161769,32.72714735,190.0358284
1480,73,0,-116.0164957,32.72712172,189.9869744
1481,73,0,-116.0167113,32.72693285,190.0023552
1482,73,0,-116.0165421,32.72689324,190.0300679
1483,73,0,-116.0163225,32.72704818,189.9961548
1484,73,0,-116.0160076,32.72699752,190.0080053
1485,73,0,-116.0157686,32.72678992,190.0141942
1486,73,0,-116.0155416,32.7265942,190.0118806
1487,73,0,-116.0153932,32.72683294,189.9998552
1488,73,0,-116.0152001,32.72702504,189.9167104
1489,73,0,-116.0149075,32.72710007,189.9999473
1490,73,0,-116.0146171,32.72704469,190.0001109
1491,73,0,-116.0143464,32.72689678,190.0003364
1492,73,0,-116.0140639,32.72676844,190.0080124
1493,73,0,-116.0137785,32.72662773,190.0037894
1494,73,0,-116.013554,32.72642899,189.9935443
1495,73,0,-116.0134285,32.7263512,190.0002905
1496,74,0,-116.0212557,32.73662037,180
1497,74,0,-116.0211875,32.73633768,180.002141
1498,74,0,-116.0211013,32.7360747,180.0018442
1499,74,0,-116.0208607,32.73588031,179.9997176
1500,74,0,-116.0209053,32.73558304,179.9981323
1501,74,0,-116.0210183,32.7353136,180.0000236
1502,74,0,-116.0208789,32.73504255,180.0003029
1503,74,0,-116.0207793,32.73476299,179.9991693
1504,74,0,-116.0207457,32.73445606,179.9988427
1505,74,0,-116.0206282,32.73417233,180.0020327
1506,74,0,-116.0204687,32.73390205,179.9970542
1507,74,0,-116.0201859,32.73376355,179.9999592
1508,74,0,-116.0199424,32.73357716,179.9923081
1509,74,0,-116.0196837,32.73339371,180.0012465
1510,74,0,-116.0193957,32.73325816,179.9998359
1511,74,0,-116.0191634,32.73309538,179.999985
1512,74,0,-116.0190443,32.73282538,179.9998415
1513,74,0,-116.0188814,32.73255599,179.9988299
1514,74,0,-116.0188333,32.73225389,180.0018938
1515,74,0,-116.018662,32.73199116,180.0000917
1516,74,0,-116.0184763,32.73188045,180.0048426
1517,74,0,-116.0182149,32.7317081,179.9923259
1518,74,0,-116.0179972,32.73155085,180.004861
1519,74,0,-116.0178022,32.73172409,180.0039628
1520,74,0,-116.017516,32.73163863,179.9922436
1521,74,0,-116.0175099,32.73132852,179.9910079
1522,74,0,-116.0173565,32.7312582,179.9815691
1523,74,0,-116.0173757,32.73113188,179.9912185
1524,74,0,-116.0171556,32.73111727,180.0036588
1525,74,0,-116.0168892,32.73106353,180.002919
1526,74,0,-116.0167446,32.73091282,179.9829435
1527,74,0,-116.016535,32.73073632,179.9973858
1528,74,0,-116.016384,32.7306278,180.0060399
1529,74,0,-116.0164202,32.73038438,179.976833
1530,74,0,-116.0161094,32.73037349,179.9961305
1531,74,0,-116.0158984,32.73017974,179.9994627
1532,74,0,-116.0155971,32.73009717,180.0007692
1533,74,0,-116.0153795,32.72999051,180.0159919
1534,74,0,-116.0150729,32.73008342,179.9954955
1535,74,0,-116.0147702,32.73018801,179.9998543
1536,74,0,-116.0144574,32.73025586,179.9916279
1537,74,0,-116.0142635,32.73020177,180.004948
1538,74,0,-116.0143761,32.73002006,180.0166581
1539,74,0,-116.0141978,32.73000551,180.0049445
1540,74,0,-116.0144424,32.72984051,179.9979463
1541,74,0,-116.0147299,32.72970375,179.9903094
1542,74,0,-116.0150104,32.72955407,179.9822097
1543,74,0,-116.0151545,32.72935209,180.0000627
1544,74,0,-116.0151049,32.72909171,179.9657305
1545,74,0,-116.015013,32.72902422,180.005756
1546,74,0,-116.0148774,32.72883828,180.0151855
1547,74,0,-116.0146598,32.72902878,179.9993149
1548,74,0,-116.0145084,32.72884735,179.9948466
1549,74,0,-116.0145528,32.72862357,180.0082777
1550,74,0,-116.0147695,32.72843156,180.0004924
1551,74,0,-116.0145275,32.72837205,179.996534
1552,74,0,-116.0142407,32.72850583,179.9548761
1553,74,0,-116.0139824,32.72867482,179.9989482
1554,74,0,-116.0137034,32.72881594,180.0003474
1555,74,0,-116.0133938,32.72883721,180.0083339
1556,74,0,-116.013079,32.72886658,179.9679114
1557,74,0,-116.0128226,32.72873307,180.0019734
1558,74,0,-116.0127195,32.72898866,180.0015847
1559,74,0,-116.0124307,32.7289323,179.9992829
1560,74,0,-116.0121986,32.7287746,180.037181
1561,74,0,-116.0120297,32.72863299,180.0152373
1562,74,0,-116.0117509,32.72867774,179.9999362
1563,74,0,-116.0115297,32.72889982,179.9983744
1564,74,0,-116.011268,32.72906786,180.0014151
1565,74,0,-116.0110054,32.72924141,179.9905516
1566,74,0,-116.0107246,32.72939184,179.9986613
1567,74,0,-116.0104756,32.72959215,180.0039863
1568,74,0,-116.0102556,32.72982467,179.9967552
1569,74,0,-116.0099913,32.72990835,179.9989935
1570,74,0,-116.0098749,32.72962185,179.9969937
1571,74,0,-116.0100738,32.72938265,179.9815177
1572,74,0,-116.0103576,32.72924419,180.0358235
1573,74,0,-116.0106578,32.72919643,179.9972074
1574,74,0,-116.0109512,32.72908852,179.9687472
1575,74,0,-116.0112237,32.72893518,179.9999973
1576,74,0,-116.0113678,32.72865713,180.0005484
1577,74,0,-116.0111097,32.72852194,180.0002072
1578,74,0,-116.0108645,32.72843624,180.0025438
1579,74,0,-116.0106182,32.7282373,179.9986548
1580,74,0,-116.0103482,32.7280839,179.9934053
1581,74,0,-116.0100789,32.72793643,180.0083656
1582,74,0,-116.0097975,32.7278186,180.0014833
1583,74,0,-116.0095389,32.72799478,180.0017545
1584,74,0,-116.0094307,32.72785994,180.0118941
1585,74,0,-116.0092286,32.72769486,180.0124236
1586,74,0,-116.008935,32.72760444,180.0000066
1587,74,0,-116.0086467,32.72751097,180.0014244
1588,74,0,-116.0084246,32.72728637,179.9999463
1589,74,0,-116.0081255,32.72718351,180.0049153
1590,74,0,-116.0078522,32.72711311,179.9918932
1591,74,0,-116.0075484,32.72707488,179.9981915
1592,74,0,-116.0073541,32.72684153,180.0010136
1593,74,0,-116.0070772,32.7266924,179.9959469
1594,74,0,-116.0067993,32.72658772,179.9987218
1595,74,0,-116.0065678,32.7264192,179.9902202
1596,74,0,-116.0063651,32.72650298,179.960548
1597,74,0,-116.0062091,32.72632962,179.984982
1598,74,0,-116.0060161,32.72639483,179.9960913
1599,74,0,-116.0059054,32.72626644,180.0323405
1600,74,0,-116.005643,32.72636365,180.0194453
1601,74,0,-116.0056189,32.72621768,179.9563923
1602,74,0,-116.0056808,32.72597696,180.0348838
1603,74,0,-116.0054368,32.72616184,179.9746916
1604,74,0,-116.0051785,32.7260153,180.0035251
1605,74,0,-116.0050501,32.7257488,180.0053035
1606,74,0,-116.0047659,32.72587607,180.002951
1607,74,0,-116.0045836,32.72613339,179.9997261
1608,74,0,-116.0043532,32.7259711,180.0000315
1609,74,0,-116.0040972,32.72579851,179.9936882
1610,74,0,-116.0040989,32.72565277,179.9982079
